Month,Date_of_1st_session,Population,Sex,ID,Location,no_RF,Immigrant,Pre_census,Note
June,6,A,,1,A,,,,
June,6,A,,2,A,,,,
June,6,A,,6,A,,,,
June,6,A,,11,A,,,,
June,6,A,,13,A,,,,
June,6,A,,14,O,,,,lost tag while relocating
June,6,A,,15,A,,,,
June,6,A,,18,A,,,,
June,6,A,,19,A,,,,
June,6,A,,20,O,,,,
June,6,A,,21,A,,,,
June,6,A,,24,A,,,,
June,6,A,,25,A,1,,,
June,6,A,,26,A,,,,
June,6,A,,28,A,,,,
June,6,A,,30,A,,,,
June,6,A,,93,A,,,,
June,6,A,,95,A,,,,
June,6,A,,96,A,,,,
June,6,A,,97,A,,,,
June,6,A,,100,A,,,,
June,6,A,,74,A,,,,
June,6,A,,75,A,,,,
June,6,A,,77,A,,,,
June,6,A,,78,A,1,,,
June,6,A,,81,A,,,,
June,6,A,,82,N,,,,
June,6,A,,83,A,,,,
June,6,A,,84,A,1,,,
June,6,A,,85,A,,,,
June,6,A,,86,A,,,,
June,6,A,,87,A,,,,
June,6,A,,89,A,,,,
June,6,A,,90,N,,,,
June,6,A,,91,A,,,,
June,6,A,,16,A,1,,1,
June,6,A,,97,A,1,,1,
June,6,A,,22,A,1,,1,
June,6,A,,3,A,1,,1,
June,6,A,,4,A,1,,1,
June,6,A,,76,A,1,,1,
June,6,A,,86,A,1,,1,
June,6,A,M,,,,1,1,
June,6,A,M,,,,1,1,
June,6,A,M,,,,1,1,
June,6,A,M,,,,1,1,
June,6,A,F,,,,1,1,
June,6,A,F,,,,1,1,
June,6,A,F,99,O,,,1,
June,6,A,F,27,O,,,1,
June,7,A,,1,A,1,,1,
June,7,A,,2,A,1,,,
June,7,A,,3,A,1,,,
June,7,A,,5,A,,,,
June,7,A,,10,A,1,,,
June,7,A,,13,A,,,,
June,7,A,,15,A,,,,
June,7,A,,18,A,,,,
June,7,A,,19,A,,,,
June,7,A,,20,A,,,,
June,7,A,,21,A,,,,
June,7,A,,22,A,1,,,
June,7,A,,24,A,,,,
June,7,A,,25,A,1,,,
June,7,A,,28,A,1,,,
June,7,A,,30,A,,,,
June,7,A,,92,N,1,,,
June,7,A,,93,A,,,,
June,7,A,,95,A,1,,,
June,7,A,,96,A,1,,,
June,7,A,,100,A,,,,
June,7,A,,73,A,1,,,
June,7,A,,74,A,1,,,
June,7,A,,75,N,,,,
June,7,A,,77,A,,,,
June,7,A,,78,A,1,,,
June,7,A,,79,A,1,,,
June,7,A,,80,A,1,,,
June,7,A,,81,A,,,,
June,7,A,,83,A,1,,,
June,7,A,,84,A,1,,,
June,7,A,,85,A,,,,
June,7,A,,87,A,1,,,
June,7,A,,89,N,1,,,
June,7,A,,90,A,,,,
June,7,A,,91,A,,,,
June,7,A,F,,,,1,,
June,7,A,F,,,,1,,
June,7,A,F,,,,1,,
June,7,A,F,,,,1,,
June,8,C,,2,C,1,,,
June,8,C,,5,C,,,,
June,8,C,,6,C,,,,
June,8,C,,62,C,,,,
June,8,C,,63,C,,,,
June,8,C,,68,C,,,,
June,8,C,,73,C,1,,,
June,8,C,,79,C,,,,
June,8,C,,83,C,,,,
June,8,C,,88,C,,,,
June,8,C,,89,C,,,,
June,8,C,,90,C,1,,,
June,8,C,,96,C,,,,
June,8,C,,93,C,,,,
June,8,C,,94,C,,,,
June,8,A,,10,A,1,,1,
June,8,A,,22,A,1,,1,
June,8,A,,28,A,1,,1,
June,8,A,,7,A,1,,1,
June,8,A,,12,A,1,,1,
June,8,A,,2,A,1,,1,
June,8,A,,27,A,1,,1,
June,8,A,,96,A,1,,1,
June,8,A,,74,A,1,,1,
June,8,A,,97,A,1,,1,
June,8,A,,87,A,1,,1,
June,8,A,,90,A,1,,1,
June,8,A,,95,A,1,,1,
June,8,A,,75,A,1,,1,
June,8,A,,89,A,1,,1,
June,8,A,,84,A,1,,1,
June,8,A,,93,A,1,,1,
June,8,A,,79,A,1,,1,
June,8,A,,82,A,1,,1,
June,8,A,,83,A,1,,1,
June,8,A,,80,A,1,,1,
June,8,A,,92,A,1,,1,
June,9,A,,2,A,1,,,
June,9,A,,3,A,1,,,
June,9,A,,11,A,1,,,
June,9,A,,15,A,1,,,
June,9,A,,19,A,,,,
June,9,A,,20,A,,,,
June,9,A,,21,A,,,,
June,9,A,,22,A,1,,,
June,9,A,,23,A,,,,
June,9,A,,24,A,,,,
June,9,A,,26,N,,,,
June,9,A,,28,A,1,,,
June,9,A,,29,A,1,,,
June,9,A,,96,A,1,,,
June,9,A,,77,A,,,,
June,9,A,,79,A,1,,,
June,9,A,,85,A,,,,
June,9,A,,87,A,1,,,
June,9,A,,89,A,,,,
June,9,A,,90,A,1,,,
June,9,A,F,,,,,,
June,10,A,,11,A,1,,,
June,10,A,,12,N,1,,,
June,10,A,,15,A,1,,,
June,10,A,,18,A,,,,
June,10,A,,20,A,,,,
June,10,A,,22,A,,,,
June,10,A,,24,A,,,,
June,10,A,,26,A,,,,
June,10,A,,28,A,,,,
June,10,A,,30,A,,,,
June,10,A,,99,A,,,,
June,10,A,,100,A,,,,
June,10,A,,85,A,1,,,
June,10,A,,89,N,,,,
June,10,A,,91,O,,,,
June,10,A,,96,,1,,1,
June,11,A,,24,A,,,,
June,11,A,,26,A,,,,
June,11,A,,30,N,,,,
June,11,A,,66,O,,,,
June,11,A,,83,A,,,,
June,12,A,,2,A,1,,,
June,12,A,,11,A,1,,,
June,12,A,,16,N,1,,,
June,12,A,,24,N,,,,
June,12,A,,84,A,1,,,
June,12,A,F,,A,,1,,
June,12,A,F,,A,,1,,
June,12,A,F,,A,,1,,
June,12,A,M,,A,,1,,
June,13,A,,2,A,1,,,
June,13,A,,18,O,,,,
June,13,A,,21,A,1,,,
June,13,A,,24,A,,,,
June,13,A,,25,A,1,,,
June,14,A,,2,A,,,,
June,14,A,,24,N,,,,
June,15,A,,2,A,1,,,
June,15,A,,18,A,1,,,
June,15,A,,24,A,,,,
June,16,A,,2,A,1,,,
June,16,A,,16,A,1,,,
June,16,A,,24,A,,,,
June,16,A,,25,A,1,,,
June,16,A,F,,A,,1,,
June,16,A,M,,A,,1,,
June,17,A,,24,A,,,,
June,17,A,,90,A,1,,,
June,17,A,M,,,,1,,
June,6,B,,1,B,,,,
June,6,B,,2,B,,,,
June,6,B,,7,B,,,,
June,6,B,,8,O,,,1,
June,6,B,,10,B,,,,
June,6,B,,11,N,1,,,
June,6,B,,12,B,,,,
June,6,B,,14,N,,,,
June,6,B,,15,B,,,,
June,6,B,,17,B,,,,
June,6,B,,21,N,,,,
June,6,B,,23,B,,,,
June,6,B,,24,B,,,,
June,6,B,,25,B,1,,,
June,6,B,,28,B,,,,
June,6,B,,29,N,,,,
June,6,B,,32,B,,,,
June,6,B,,34,B,,,,
June,6,B,,35,B,,,,
June,6,B,,39,B,,,,
June,6,B,,40,B,,,,
June,6,B,,42,B,,,,
June,6,B,,43,B,,,,
June,6,B,,92,B,,,,
June,6,B,,93,B,,,,
June,6,B,,94,B,,,,
June,6,B,,95,B,,,,
June,6,B,,96,B,,,,
June,6,B,,87,B,,,,
June,6,B,,88,B,,,,
June,6,B,,89,B,,,,
June,6,B,F,,B,,1,,
June,6,B,F,,B,,1,,
June,6,B,,25,B,1,,1,
June,6,B,,19,B,1,,1,
June,6,B,,99,B,,,1,Known predation(spider)
June,6,B,M,,B,1,,1,
June,7,B,,1,B,,,,
June,7,B,,2,B,,,,
June,7,B,,3,B,,,,
June,7,B,,7,B,,,,
June,7,B,,10,B,,,,
June,7,B,,11,B,1,,,
June,7,B,,12,B,1,,,
June,7,B,,14,B,,,,
June,7,B,,21,B,,,,
June,7,B,,23,B,1,,,
June,7,B,,24,B,,,,
June,7,B,,28,B,,,,
June,7,B,,29,B,1,,,
June,7,B,,32,B,,,,
June,7,B,,33,B,1,,,
June,7,B,,37,B,1,,,
June,7,B,,38,B,1,,,
June,7,B,,40,B,,,,
June,7,B,,42,B,,,,
June,7,B,,43,B,1,,,
June,7,B,,93,B,,,,
June,7,B,,95,B,1,,,
June,7,B,,96,B,1,,,
June,7,B,,100,B,1,,,
June,7,B,,88,N,,,,
June,7,B,,89,B,1,,,
June,7,B,,90,B,1,,,
June,7,B,F,,B,,1,,
June,7,B,F,,B,,1,,
June,7,B,M,,B,,1,,
June,7,B,M,,B,,,,
June,8,B,,16,B,1,,1,
June,8,B,,20,B,1,,1,
June,8,B,,43,B,1,,1,
June,8,B,,11,B,1,,1,
June,8,B,,10,B,1,,1,
June,8,B,,27,B,1,,1,
June,8,B,,38,B,1,,1,
June,8,B,,12,B,1,,1,
June,8,B,,31,B,1,,1,
June,8,B,,5,B,1,,1,
June,8,B,,33,B,1,,1,
June,8,B,,34,B,1,,1,
June,8,B,,37,B,1,,1,
June,8,B,,97,B,1,,1,
June,8,B,,90,B,1,,1,
June,8,B,,93,B,1,,1,
June,8,B,,89,B,1,,1,
June,8,B,M,,B,,,1,
June,8,B,,1,B,,,,
June,8,B,,2,B,,,,
June,8,B,,10,B,,,,
June,8,B,,12,B,,,,
June,8,B,,24,B,,,,
June,8,B,,93,B,1,,,
June,8,B,,94,B,,,,
June,8,B,,96,B,,,,
June,8,B,,88,B,,,,
June,8,B,,38,B,1,,,
June,8,B,,33,B,1,,,
June,8,B,,21,B,,,,
June,8,B,,40,B,,,,
June,8,B,,42,B,,,,
June,8,B,,31,B,1,,,
June,8,B,,,B,,,,
June,8,B,,,B,,,,
June,9,B,,1,B,,,,
June,9,B,,20,N,1,,,
June,9,B,,21,B,,,,
June,9,B,,23,B,1,,,
June,9,B,,24,B,,,,
June,9,B,,29,B,,,,
June,9,B,,36,N,1,,,
June,9,B,,40,B,1,,,
June,9,B,,42,B,,,,
June,9,B,,93,B,1,,,
June,9,B,,96,B,1,,,
June,9,B,,97,B,1,,,
June,9,B,,88,B,1,,,
June,10,B,,90,B,1,,1,
June,10,B,,96,B,1,,1,
June,10,B,,25,B,1,,1,
June,10,B,,2,B,1,,1,
June,10,B,F,,B,,1,1,
June,10,B,,1,B,,,,
June,10,B,,15,B,1,,,
June,10,B,,21,B,,,,
June,10,B,,24,O,,,,
June,10,B,,28,B,,,,
June,10,B,,31,B,1,,,
June,10,B,,100,B,,,,
June,10,B,,90,B,,,,
June,10,B,M,,B,,,,
June,11,B,,5,O,,,,
June,11,B,,21,B,,,,
June,11,B,,24,O,,,,
June,11,B,,25,B,,,,
June,11,B,,28,N,,,,
June,11,B,,40,O,,,,
June,12,B,,3,O,1,,,
June,12,B,,25,N,1,,,
June,12,B,,40,B,,,,
June,12,B,,97,B,1,,,
June,12,B,,88,O,1,,,
June,12,B,M,,B,,,,
June,12,B,F,,,,1,,
June,13,B,,11,B,1,,,
June,13,B,,21,B,1,,,
June,13,B,,25,B,1,,,
June,13,B,,40,O,,,,
June,14,B,,21,B,1,,,
June,14,B,,25,B,1,,,
June,14,B,M,,,,1,,
June,15,B,,11,B,1,,,
June,15,B,,21,N,1,,,
June,15,B,,25,B,1,,,
June,15,B,,95,N,1,,,
June,15,B,,97,B,1,,,
June,16,B,,2,B,1,,,
June,16,B,,11,B,1,,,
June,16,B,,25,B,1,,,
June,16,B,,97,B,1,,,
June,17,B,,97,B,1,,,
June,18,B,,25,B,1,,,
June,18,B,M,,,,1,,
June,6,C,,1,C,,,,
June,6,C,,2,C,,,,
June,6,C,,7,C,,,,
June,6,C,,92,C,1,,,
June,6,C,,93,C,1,,,
June,6,C,,94,C,,,,
June,6,C,,95,C,,,,
June,6,C,,96,C,1,,,
June,6,C,,97,C,,,,
June,6,C,,59,C,1,,,
June,6,C,,61,C,,,,
June,6,C,,62,C,,,,
June,6,C,,63,C,,,,
June,6,C,,68,C,,,,
June,6,C,,69,N,,,,
June,6,C,,73,C,,,,
June,6,C,,77,C,,,,
June,6,C,,79,C,,,,
June,6,C,,83,C,,,,
June,6,C,,84,C,1,,,
June,6,C,,87,C,,,,
June,6,C,,88,C,,,,
June,6,C,,89,C,,,,
June,6,C,,90,C,,,,
June,6,C,,77,C,1,,1,
June,6,C,,74,C,1,,1,
June,6,C,,79,C,1,,1,
June,6,C,,93,C,1,,1,
June,6,C,,14,C,1,,1,
June,6,C,,67,C,1,,1,
June,6,C,,10,C,1,,1,
June,6,C,,91,C,1,,1,
June,6,C,,1,C,1,,1,
June,6,C,,6,C,1,,1,
June,7,C,,1,C,1,,,
June,7,C,,2,C,1,,,
June,7,C,,6,C,1,,,
June,7,C,,12,C,1,,,
June,7,C,,14,C,1,,,
June,7,C,,94,C,,,,
June,7,C,,73,C,,,,
June,7,C,,77,C,1,,,
June,7,C,,79,C,1,,,
June,7,C,,83,C,,,,
June,7,C,,89,C,,,,
June,7,C,,90,C,,,,
June,8,A,,1,A,,,,
June,8,A,,2,A,,,,
June,8,A,,5,N,1,,,
June,8,A,,10,N,,,,
June,8,A,,13,A,,,,
June,8,A,,16,A,,,,
June,8,A,,18,A,,,,
June,8,A,,19,A,,,,
June,8,A,,20,A,,,,
June,8,A,,23,O,,,,
June,8,A,,24,A,,,,
June,8,A,,28,A,1,,,
June,8,A,,30,A,,,,
June,8,A,,93,A,1,,,
June,8,A,,96,A,1,,,
June,8,A,,99,O,,,,
June,8,A,,100,A,,,,
June,8,A,,74,A,,,,
June,8,A,,77,A,,,,
June,8,A,,78,A,,,,
June,8,A,,79,A,,,,
June,8,A,,80,A,,,,
June,8,A,,81,A,1,,,
June,8,A,,82,A,,,,
June,8,A,,85,A,,,,
June,8,A,,87,A,1,,,
June,8,A,,1,A,1,,1,
June,8,A,,2,A,1,,1,
June,8,A,,4,A,1,,1,
June,8,A,,6,A,1,,1,
June,8,A,,14,A,1,,1,
June,8,A,,87,A,1,,1,
June,8,A,,96,A,1,,1,
June,8,A,,77,A,1,,1,
June,8,A,,59,A,1,,1,
June,8,A,,79,A,1,,1,
June,8,A,,93,A,1,,1,
June,8,A,,88,A,1,,1,
June,8,A,,79,A,1,,1,
June,8,A,,92,A,1,,1,
June,8,A,F,,A,,1,1,
June,8,A,F,,A,,1,1,
June,9,C,,1,C,1,,,
June,9,C,,2,C,1,,,
June,9,C,,4,C,1,,,
June,9,C,,5,C,,,,
June,9,C,,6,C,1,,,
June,9,C,,12,C,1,,,
June,9,C,,93,C,1,,,
June,9,C,,94,C,,,,
June,9,C,,96,C,1,,,
June,9,C,,97,C,,,,
June,9,C,,59,C,1,,,
June,9,C,,62,C,,,,
June,9,C,,68,C,1,,,
June,9,C,,73,C,,,,
June,9,C,,76,C,1,,,
June,9,C,,79,C,1,,,
June,9,C,,83,C,,,,
June,9,C,,85,O,1,,,
June,9,C,,89,C,,,,
June,9,C,,90,C,1,,,
June,9,C,F,,C,,1,,
June,10,C,,1,C,1,,,
June,10,C,,12,C,1,,,
June,10,C,,94,C,,,,
June,10,C,,62,C,,,,
June,10,C,,66,C,1,,,
June,10,C,,68,C,,,,
June,10,C,,83,C,,,,
June,10,C,,90,C,1,,,
June,10,C,M,,C,,1,1,
June,11,C,,5,C,,,,
June,11,C,,6,C,,,,
June,11,C,,12,C,,,,
June,11,C,,62,C,,,,
June,11,C,,79,C,,,,
June,11,C,,83,C,,,,
June,11,C,M,,C,,,,
June,11,C,,96,C,,,,
June,11,C,F,,C,,,,
June,12,C,,6,C,1,,,
June,12,C,,12,C,1,,,
June,12,C,,14,C,1,,,
June,12,C,,61,C,1,,,
June,12,C,,62,N,1,,,
June,12,C,F,,C,,,,
June,12,C,F,,N,,,,
June,12,C,F,,C,,1,,
June,13,C,,12,C,1,,,
June,15,C,,12,C,1,,,
June,15,C,F,,,,1,,
June,15,C,M,,,,1,,
June,16,C,,12,C,,,,
June,17,C,F,,,,1,,
June,17,C,M,,,,1,,
June,18,C,F,,,,1,,
June,8,D,,1,D,,,,
June,8,D,,2,D,,,,
June,8,D,,3,D,,,,
June,8,D,,4,D,,,,
June,8,D,,5,D,,,,
June,8,D,,7,D,,,,
June,8,D,,8,D,,,,
June,8,D,,10,D,,,,
June,8,D,,11,D,,,,
June,8,D,,13,D,,,,
June,8,D,,15,D,,,,
June,8,D,,16,D,,,,
June,8,D,,44,D,,,,
June,8,D,,45,O,,,,
June,8,D,,46,D,,,,
June,8,D,,47,D,,,,
June,8,D,,49,D,1,,,
June,8,D,,50,D,1,,,
June,8,D,,51,D,,,,
June,8,D,,53,D,,,,
June,8,D,,54,D,,,,
June,8,D,,57,D,,,,
June,8,D,,58,D,1,,,
June,8,D,,60,D,,,,
June,8,D,,61,D,1,,,
June,8,D,,62,D,1,,,
June,8,D,,65,D,,,,
June,8,D,,67,D,,,,
June,8,D,,69,D,,,,
June,8,D,,71,D,,,,
June,8,D,,72,D,,,,
June,8,D,,76,D,,,,
June,8,D,,78,D,,,,
June,8,D,,80,D,,,,
June,8,D,,83,D,,,,
June,8,D,,84,D,,,,
June,8,D,,86,D,,,,
June,8,D,,87,D,,,,
June,8,D,,88,D,,,,
June,8,D,,89,D,,,,
June,8,D,,91,D,,,,
June,8,D,M,,D,,1,,
June,8,D,F,,D,,1,,
June,8,D,F,,D,,1,,
June,8,D,,66,D,1,,1,
June,8,D,,58,D,1,,1,
June,8,D,M,,D,,1,1,
June,8,D,F,,D,,1,1,
June,9,D,,1,N,,,,
June,9,D,,2,D,,,,
June,9,D,,3,D,,,,
June,9,D,,4,D,,,,
June,9,D,,5,D,,,,
June,9,D,,7,D,,,,
June,9,D,,8,D,,,,
June,9,D,,10,D,,,,
June,9,D,,11,D,,,,
June,9,D,,12,D,,,,
June,9,D,,13,D,,,,
June,9,D,,14,D,,,,
June,9,D,,15,D,,,,
June,9,D,,16,D,,,,
June,9,D,,47,D,,,,
June,9,D,,49,D,,,,
June,9,D,,50,D,,,,
June,9,D,,51,N,,,,
June,9,D,,52,D,,,,
June,9,D,,53,D,,,,
June,9,D,,54,D,,,,
June,9,D,,57,D,,,,
June,9,D,,60,D,,,,
June,9,D,,61,D,,,,
June,9,D,,63,N,,,,
June,9,D,,64,D,,,,
June,9,D,,65,N,,,,
June,9,D,,67,D,,,,
June,9,D,,69,D,,,,
June,9,D,,71,N,,,,
June,9,D,,74,D,,,,
June,9,D,,76,D,,,,
June,9,D,,78,D,,,,
June,9,D,,80,N,,,,
June,9,D,,83,D,,,,
June,9,D,,84,D,,,,
June,9,D,,86,N,,,,
June,9,D,,87,D,,,,
June,9,D,,88,D,,,,
June,9,D,,89,D,,,,
June,9,D,,91,D,,,,
June,9,D,F,,,,1,,
June,9,D,F,,,,1,,
June,10,D,,2,D,,,,
June,10,D,,3,D,,,,
June,10,D,,4,D,,,,
June,10,D,,5,D,,,,
June,10,D,,7,D,,,,
June,10,D,,10,D,,,,
June,10,D,,11,D,,,,
June,10,D,,12,D,,,,
June,10,D,,15,D,,,,
June,10,D,,44,D,,,,
June,10,D,,46,D,,,,
June,10,D,,47,D,,,,
June,10,D,,50,D,1,,,
June,10,D,,51,D,,,,
June,10,D,,53,D,,,,
June,10,D,,54,D,,,,
June,10,D,,57,D,,,,
June,10,D,,63,D,,,,
June,10,D,,64,D,,,,
June,10,D,,65,D,,,,
June,10,D,,67,D,,,,
June,10,D,,69,D,,,,
June,10,D,,71,D,,,,
June,10,D,,72,D,,,,
June,10,D,,73,D,,,,
June,10,D,,76,D,,,,
June,10,D,,78,D,,,,
June,10,D,,80,D,,,,
June,10,D,,83,D,,,,
June,10,D,,84,D,,,,
June,10,D,,88,D,,,,
June,10,D,,89,D,,,,
June,10,D,,91,D,,,,
June,10,D,F,,D,,,,
June,10,D,F,,D,,1,1,
June,10,D,F,,D,,1,1,
June,10,D,F,,D,,1,1,
June,10,D,M,,D,,1,1,
June,10,D,M,,D,,1,1,
June,10,D,,50,D,1,,1,
June,11,D,,4,D,,,,
June,11,D,,8,D,,,,
June,11,D,,10,D,,,,
June,11,D,,12,D,,,,
June,11,D,,13,N,,,,
June,11,D,,16,D,,,,
June,11,D,,44,N,,,,
June,11,D,,47,D,,,,
June,11,D,,53,N,,,,
June,11,D,,54,D,,,,
June,11,D,,57,D,,,,
June,11,D,,63,N,,,,
June,11,D,,64,D,,,,
June,11,D,,65,N,,,,
June,11,D,,69,D,,,,
June,11,D,,71,D,,,,
June,11,D,,72,D,,,,
June,11,D,,76,D,,,,
June,11,D,,78,D,,,,
June,11,D,,80,D,,,,
June,11,D,,87,D,,,,
June,11,D,,88,N,,,,
June,11,D,,89,D,,,,
June,12,D,,4,D,,,,
June,12,D,,8,D,,,,
June,12,D,,12,D,,,,
June,12,D,,13,D,,,,
June,12,D,,16,D,,,,
June,12,D,,19,D,,,,
June,12,D,,25,D,,,,
June,12,D,,44,D,,,,
June,12,D,,47,D,,,,
June,12,D,,54,N,,,,
June,12,D,,63,N,,,,
June,12,D,,66,D,,,,
June,12,D,,69,D,,,,
June,12,D,,71,N,,,,
June,12,D,,72,D,,,,
June,12,D,,76,N,,,,
June,12,D,,78,D,,,,
June,12,D,,80,N,,,,
June,12,D,,84,N,,,,
June,12,D,,87,N,,,,
June,12,D,,88,D,,,,
June,12,D,,89,D,,,,
June,12,D,F,,D,,,,
June,12,D,M,,D,,1,,
June,12,D,F,,D,,1,,
June,12,D,M,,D,,1,,
June,13,D,,4,D,,,,
June,13,D,,8,N,,,,
June,13,D,,13,D,,,,
June,13,D,,16,D,,,,
June,13,D,,44,D,,,,
June,13,D,,47,D,,,,
June,13,D,,54,D,,,,
June,13,D,,63,D,,,,
June,13,D,,69,D,1,,,
June,13,D,,71,D,,,,
June,13,D,,72,D,,,,
June,13,D,,76,D,,,,
June,13,D,,78,N,,,,
June,13,D,,80,D,,,,
June,13,D,,83,D,1,,,
June,13,D,,84,D,,,,
June,13,D,,87,D,,,,
June,13,D,,88,D,,,,
June,13,D,,89,D,,,,
June,13,D,F,,D,,,,
June,13,D,F,,,,1,1,
June,13,D,F,,,,1,1,
June,13,D,M,,,,1,1,
June,13,D,M,,,,1,1,
June,13,D,M,,,,1,1,
June,13,D,,50,,1,,1,
June,13,D,F,,D,,,1,
June,14,D,,4,D,,,,
June,14,D,,8,D,,,,
June,14,D,,12,D,,,,
June,14,D,,13,D,,,,
June,14,D,,16,D,,,,
June,14,D,,47,D,,,,
June,14,D,,54,D,,,,
June,14,D,,55,D,,,,
June,14,D,,63,D,,,,
June,14,D,,69,D,,,,
June,14,D,,71,D,,,,
June,14,D,,73,D,,,,
June,14,D,,76,D,,,,
June,14,D,,80,D,,,,
June,14,D,,84,D,,,,
June,14,D,,87,D,,,,
June,14,D,,89,N,,,,
June,14,D,F,,,,1,,
June,15,D,,4,D,,,,
June,15,D,,12,D,,,,
June,15,D,,13,N,,,,
June,15,D,,16,D,,,,
June,15,D,,47,D,,,,
June,15,D,,54,D,,,,
June,15,D,,55,D,1,,,
June,15,D,,63,D,,,,
June,15,D,,69,D,,,,
June,15,D,,71,D,,,,
June,15,D,,76,O,,,,Found with spermatophore in O
June,15,D,,80,D,,,,
June,15,D,,84,D,,,,
June,15,D,,87,N,,,,
June,15,D,,88,D,,,,
June,15,D,,89,D,,,,
June,15,D,F,,D,,,,
June,15,D,F,,D,,,,
June,16,F,,7,F,,,,
June,16,F,,23,F,,,,
June,16,F,,41,N,1,,,
June,16,F,,43,N,,,,
June,16,F,,47,F,1,,,
June,16,F,M,,F,,,,
June,17,D,,4,D,,,,
June,17,D,,13,D,,,,
June,17,D,,44,D,,,,
June,17,D,,47,D,,,,
June,17,D,,69,D,,,,
June,17,D,,71,N,,,,
June,17,D,,73,D,,,,
June,17,D,,84,D,,,,
June,17,D,,86,N,,,,
June,17,D,,89,D,,,,
June,17,D,M,,D,,1,,
June,17,D,F,,N,,,,
June,17,D,F,,N,,,,
June,18,D,,4,D,,,,
June,18,D,,13,D,,,,
June,18,D,,44,D,,,,
June,18,D,,71,D,,,,
June,18,D,,76,D,,,,
June,18,D,,80,D,,,,
June,18,D,,84,D,,,,
June,18,D,,88,D,,,,
June,18,D,,89,D,,,,
June,18,D,F,,D,,,,
June,18,D,F,,D,,,,
June,8,E,,1,E,,,,
June,8,E,,2,E,,,,
June,8,E,,3,E,,,,
June,8,E,,4,E,,,,
June,8,E,,5,E,,,,
June,8,E,,6,E,,,,
June,8,E,,8,E,,,,
June,8,E,,12,E,,,,
June,8,E,,13,E,,,,
June,8,E,,15,E,,,,
June,8,E,,16,E,,,,
June,8,E,,17,E,,,,
June,8,E,,18,E,,,,
June,8,E,,20,E,,,,
June,8,E,,21,E,,,,
June,8,E,,23,E,,,,
June,8,E,,24,E,,,,
June,8,E,,27,E,,,,
June,8,E,,28,E,,,,
June,8,E,,29,E,,,,
June,8,E,,30,N,,,,
June,8,E,,31,E,,,,
June,8,E,,63,E,,,,
June,8,E,,64,E,,,,
June,8,E,,66,E,,,,
June,8,E,,67,E,,,,
June,8,E,,68,E,,,,
June,8,E,,71,E,,,,
June,8,E,,74,E,,,,
June,8,E,,77,E,,,,
June,8,E,,80,E,,,,
June,8,E,,82,E,,,,
June,8,E,,83,E,,,,
June,8,E,,84,E,,,,
June,8,E,,85,E,,,,
June,8,E,,87,N,,,,
June,8,E,,88,E,,,,
June,8,E,,89,E,,,,
June,8,E,,91,E,,,,
June,8,E,F,,E,,,,
June,8,E,M,,E,,,,
June,8,E,,69,E,,,1,
June,8,E,,71,E,,,1,
June,8,E,,76,E,,,1,
June,8,E,F,,E,,1,1,
June,8,E,F,,E,,1,1,
June,8,E,F,,E,,1,1,
June,8,E,M,,E,,1,1,
June,8,E,M,,E,,1,1,
June,8,E,M,,E,,1,1,
June,8,E,F,,E,,,1,
June,8,E,F,,E,,,1,
June,8,E,,70,O,,,1,
June,8,E,,84,O,,,1,
June,8,E,,85,O,,,1,
June,8,E,,86,O,,,1,
June,8,E,,8,O,,,1,
June,9,E,,1,E,,,,
June,9,E,,2,E,,,,
June,9,E,,3,E,,,,
June,9,E,,4,E,,,,
June,9,E,,5,E,,,,
June,9,E,,10,E,,,,
June,9,E,,12,E,,,,
June,9,E,,15,E,,,,
June,9,E,,17,E,,,,
June,9,E,,18,O,,,,
June,9,E,,19,E,,,,
June,9,E,,20,E,,,,
June,9,E,,21,E,,,,
June,9,E,,24,O,,,,
June,9,E,,28,E,,,,
June,9,E,,30,E,,,,
June,9,E,,52,E,,,,
June,9,E,,63,E,,,,
June,9,E,,64,E,,,,
June,9,E,,65,E,,,,
June,9,E,,67,E,,,,
June,9,E,,68,E,,,,
June,9,E,,74,E,,,,
June,9,E,,77,E,,,,
June,9,E,,79,E,,,,
June,9,E,,80,E,,,,
June,9,E,,81,E,,,,
June,9,E,,82,E,,,,
June,9,E,,83,E,,,,
June,9,E,,85,E,,,,
June,9,E,,86,E,,,,
June,9,E,,87,E,,,,
June,9,E,,89,E,,,,
June,9,E,,91,E,,,,
June,9,E,,66,O,,,,
June,9,E,F,,E,,,,
June,9,E,F,,E,,,,
June,9,E,F,,E,,,,
June,9,E,M,,E,,,,
June,10,E,,1,N,,,,
June,10,E,,2,E,1,,,
June,10,E,,4,N,,,,
June,10,E,,8,N,,,,
June,10,E,,15,E,,,,
June,10,E,,18,N,,,,
June,10,E,,19,E,,,,
June,10,E,,23,E,,,,
June,10,E,,25,N,,,,
June,10,E,,29,E,,,,
June,10,E,,30,N,,,,
June,10,E,,31,E,,,,
June,10,E,,66,E,,,,
June,10,E,,67,N,,,,
June,10,E,,68,E,,,,
June,10,E,,74,E,,,,
June,10,E,,77,E,,,,
June,10,E,,80,E,,,,
June,10,E,,82,E,,,,
June,10,E,,85,N,,,,
June,10,E,,87,N,,,,
June,10,E,,88,E,,,,
June,10,E,,89,E,,,,
June,10,E,M,,E,,,,
June,10,E,M,,E,,,,
June,10,E,M,,E,,,,
June,10,E,M,,E,,,,
June,10,E,M,,E,,,,
June,10,E,M,,E,,,,
June,10,E,F,,E,,,,
June,10,E,F,,E,,,,
June,10,E,F,,E,,,,
June,11,E,,1,E,,,,
June,11,E,,2,E,1,,,
June,11,E,,4,E,,,,
June,11,E,,8,E,,,,
June,11,E,,15,E,,,,
June,11,E,,18,N,,,,
June,11,E,,19,E,,,,
June,11,E,,23,N,,,,
June,11,E,,25,E,,,,
June,11,E,,27,E,,,,
June,11,E,,31,E,,,,
June,11,E,,63,N,,,,
June,11,E,,66,E,,,,
June,11,E,,74,N,,,,
June,11,E,,77,E,,,,
June,11,E,,80,E,,,,
June,11,E,,84,N,,,,
June,11,E,,87,E,,,,
June,11,E,,88,N,,,,
June,11,E,,89,E,,,,
June,11,E,M,,E,,,,
June,11,E,F,,E,,,,
June,11,E,M,,N,,,,
June,11,E,M,,E,,,,
June,11,E,F,,E,,,,
June,11,E,F,,E,,,,
June,11,E,F,,N,,,,
June,11,E,F,,N,,,,
June,11,E,M,,N,,,,
June,11,E,F,,E,,,1,
June,11,E,F,,E,,,1,
June,11,E,M,,E,,,1,
June,11,E,M,,E,,,,
June,11,E,M,,E,,,,
June,11,E,M,,E,,1,,
June,12,E,,4,E,,,,
June,12,E,,7,N,,,,
June,12,E,,8,E,,,,
June,12,E,,13,N,,,,
June,12,E,,17,E,,,,
June,12,E,,18,E,,,,
June,12,E,,19,E,,,,
June,12,E,,20,E,,,,
June,12,E,,23,N,,,,
June,12,E,,24,N,,,,
June,12,E,,25,N,,,,
June,12,E,,31,E,,,,
June,12,E,,63,N,,,,
June,12,E,,68,E,,,,
June,12,E,,74,E,,,,
June,12,E,,77,E,,,,
June,12,E,,80,E,,,,
June,12,E,,82,E,,,,
June,12,E,,84,N,,,,
June,12,E,,87,E,,,,
June,12,E,,88,N,,,,
June,12,E,,89,E,,,,
June,12,E,M,,E,,,,
June,12,E,M,,E,,,,
June,12,E,M,,E,,,,
June,12,E,M,,E,,1,,
June,12,E,M,,E,,,,
June,12,E,F,,E,,1,,
June,12,E,M,,E,,,,
June,12,E,M,,E,,,,
June,12,E,M,,N,,,,
June,12,E,F,,N,,,,
June,12,E,F,,N,,,,
June,13,E,,4,E,,,,
June,13,E,,18,E,,,,
June,13,E,,19,E,,,,
June,13,E,,24,E,,,,
June,13,E,,25,E,,,,
June,13,E,,31,E,,,,
June,13,E,,63,E,,,,
June,13,E,,66,E,,,,
June,13,E,,68,E,,,,
June,13,E,,74,N,,,,
June,13,E,,80,E,,,,
June,13,E,,82,E,,,,
June,13,E,,84,E,,,,
June,13,E,,87,E,,,,
June,13,E,,88,E,,,,
June,13,E,,89,E,,,,
June,13,E,F,,E,,,,
June,13,E,F,,E,,,,
June,13,E,M,,E,,,,
June,13,E,M,,E,,,,
June,13,E,M,,E,,,,
June,13,E,M,,E,,,,
June,13,E,M,,N,,,,
June,13,E,M,,N,,,,
June,13,E,M,,E,,,,
June,13,E,F,,N,,,,
June,13,E,F,,E,,1,1,
June,13,E,F,,E,,1,1,
June,13,E,M,,E,,1,1,
June,13,E,M,,E,,1,1,
June,13,E,,27,E,,,1,
June,13,E,F,,E,,,1,
June,13,E,F,,E,,,1,
June,13,E,F,,E,,,1,
June,13,E,M,,E,,,1,
June,13,E,M,,E,,,1,
June,13,E,M,,E,,,1,
June,13,E,M,,E,,,1,
June,13,E,M,,E,,,1,
June,13,E,M,,E,,,1,
June,13,E,M,,E,,,1,
June,14,E,,4,E,,,,
June,14,E,,19,E,,,,
June,14,E,,31,E,,,,
June,14,E,,61,E,,,,
June,14,E,,63,E,,,,
June,14,E,,66,E,,,,
June,14,E,,68,E,,,,
June,14,E,,74,E,,,,
June,14,E,,77,E,,,,
June,14,E,,80,E,,,,
June,14,E,,81,E,,,,
June,14,E,,82,E,,,,
June,14,E,,84,E,,,,
June,14,E,,87,E,,,,
June,14,E,,88,E,,,,
June,14,E,,89,E,,,,
June,14,E,,91,E,,,,
June,14,E,M,,E,,,,
June,14,E,M,,E,,,,
June,14,E,M,,E,,,,
June,14,E,M,,E,,,,
June,14,E,M,,E,,,,
June,14,E,M,,E,,,,
June,14,E,M,,E,,,,
June,14,E,M,,E,,,,
June,14,E,F,,E,,,,
June,15,E,,8,E,,,,
June,15,E,,18,E,,,,
June,15,E,,66,E,,,,
June,15,E,,68,E,,,,
June,15,E,,74,N,,,,
June,15,E,,77,N,,,,
June,15,E,,82,E,,,,
June,15,E,,84,N,,,,
June,15,E,,87,E,,,,
June,15,E,,89,E,,,,
June,15,E,M,,N,,,,
June,15,E,M,,N,,,,
June,15,E,F,,N,,,,
June,15,E,M,,N,,,,
June,15,E,F,,N,,,,
June,15,E,M,,E,,,,
June,15,E,F,,E,,,,
June,15,E,M,,E,,,,
June,15,E,F,,O,,,,
June,16,E,,18,E,,,,
June,16,E,,19,E,,,,
June,16,E,,66,E,,,,
June,16,E,,74,E,,,,
June,16,E,,75,E,,,,
June,16,E,,77,E,,,,
June,16,E,,80,E,1,,,
June,16,E,,89,E,,,,
June,16,E,,87,E,,,,
June,16,E,M,,E,,,,
June,16,E,M,,E,,,,
June,16,E,M,,E,,,,
June,16,E,M,,E,,,,
June,16,E,M,,E,,,,
June,16,E,M,,E,,,,
June,16,E,F,,E,,,,
June,16,E,F,,E,,,,
June,16,E,F,,E,,,,
June,16,E,F,,E,,,,
June,16,E,F,,E,,,,
June,16,E,M,,,,1,,
June,16,E,F,,,,1,,
June,17,E,,19,E,,,,
June,17,E,,66,E,,,,
June,17,E,,87,N,,,,
June,17,E,,89,E,,,,
June,17,E,F,,E,,,,
June,17,E,F,,E,,,,
June,17,E,M,,E,,,,
June,17,E,M,,E,,,,
June,17,E,M,,E,,,,
June,17,E,M,,E,,,,
June,17,E,M,,E,,,,
June,17,E,M,,E,,,,
June,17,E,M,,E,,,,
June,18,E,,19,E,,,,
June,18,E,,66,E,,,,
June,18,E,,77,E,,,,
June,18,E,,89,E,,,,
June,18,E,F,,E,,,,
June,18,E,F,,E,,,,
June,18,E,F,,E,,,,
June,18,E,F,,E,,,,
June,18,E,F,,E,,,,
June,18,E,M,,E,,,,
June,18,E,M,,E,,,,
June,18,E,M,,E,,,,
June,18,E,M,,E,,,,
June,18,E,F,,E,,1,,
June,8,F,,91,,1,,1,
June,8,F,,3,,1,,1,
June,8,F,F,,,,1,1,
June,8,F,F,,,,1,1,
June,8,F,F,,,,1,1,
June,8,F,F,,,,1,1,
June,8,F,F,,,,1,1,
June,8,F,F,,,,1,1,
June,8,F,F,,,,1,1,
June,8,F,M,,,,1,1,
June,8,F,M,,,,1,1,
June,8,F,M,,,,1,1,
June,8,F,M,,N,,,1,
June,8,F,,1,F,,,,
June,8,F,,5,F,,,,
June,8,F,,6,F,,,,
June,8,F,,8,F,,,,
June,8,F,,11,F,,,,
June,8,F,,12,F,,,,
June,8,F,,13,F,,,,
June,8,F,,14,F,,,,
June,8,F,,15,F,,,,
June,8,F,,17,F,,,,
June,8,F,,18,F,,,,
June,8,F,,19,F,,,,
June,8,F,,23,F,,,,
June,8,F,,24,F,,,,
June,8,F,,25,F,,,,
June,8,F,,30,F,,,,
June,8,F,,33,F,,,,
June,8,F,,34,F,,,,
June,8,F,,35,F,,,,
June,8,F,,36,F,,,,
June,8,F,,37,F,,,,
June,8,F,,38,F,,,,
June,8,F,,39,F,,,,
June,8,F,,40,F,,,,
June,8,F,,41,F,,,,
June,8,F,,42,F,,,,
June,8,F,,44,F,,,,
June,8,F,,45,F,,,,
June,8,F,,46,F,,,,
June,8,F,,47,F,,,,
June,8,F,,48,F,,,,
June,8,F,,78,F,,,,
June,8,F,,79,F,,,,
June,8,F,,80,F,,,,
June,8,F,,83,F,,,,
June,8,F,,85,F,,,,
June,8,F,,88,F,,,,
June,8,F,,90,F,,,,
June,8,F,M,,F,,,,
June,8,F,M,,F,,,,
June,8,F,F,,F,,,,
June,9,F,F,,F,,1,1,
June,9,F,,2,F,,,,
June,9,F,,5,O,,,,
June,9,F,,11,F,,,,
June,9,F,,12,F,,,,
June,9,F,,17,O,,,,
June,9,F,,18,F,,,,
June,9,F,,30,F,,,,
June,9,F,,36,F,,,,
June,9,F,,38,O,,,,
June,9,F,,41,O,,,,
June,9,F,,43,F,,,,
June,9,F,,79,O,,,,
June,9,F,,86,O,,,,
June,9,F,,90,F,,,,
June,9,F,F,,F,,,,
June,10,F,F,,F,,,1,
June,10,F,,47,O,,,1,
June,10,F,,6,N,,,,
June,10,F,,17,N,,,,
June,10,F,,23,N,,,,
June,10,F,,24,F,,,,
June,10,F,,30,F,,,,
June,10,F,,36,F,,,,
June,10,F,,41,N,,,,
June,10,F,,42,F,,,,
June,10,F,,43,F,,,,
June,10,F,,47,F,,,,
June,10,F,,79,F,,,,
June,10,F,,84,F,,,,
June,10,F,M,,F,,,,
June,10,F,F,,O,,,,
June,11,F,,1,F,,,,
June,11,F,,17,F,,,,
June,11,F,,23,F,,,,
June,11,F,,24,N,,,,Lost number id after relocating
June,11,F,,42,F,,,,
June,11,F,,43,F,,,,
June,11,F,,47,F,,,,
June,11,F,,79,N,,,,
June,11,F,F,,F,,1,,
June,11,F,F,,F,,,,
June,11,F,M,,F,,,,
June,12,F,,7,F,,,,
June,12,F,,41,O,,,,
June,12,F,,43,F,,,,
June,12,F,,47,F,,,,
June,12,F,M,,F,,,,
June,12,F,F,,F,,,,
June,13,F,F,,F,,,,
June,13,F,M,,F,,,,
June,13,F,F,,,,1,,
June,13,F,,7,F,,,,
June,13,F,,43,F,,,,
June,13,F,,47,F,,,,
June,13,F,M,,F,,,,
June,14,F,,7,N,,,,
June,14,F,,43,F,,,,
June,14,F,F,,F,,,,
June,14,F,M,,F,,,,
June,15,F,,7,N,,,,
June,15,F,,23,F,,,,
June,15,F,,43,F,,,,
June,15,F,F,,F,,,,
June,15,F,M,,N,,,,
June,16,D,,4,D,,,,
June,16,D,,13,D,,,,
June,16,D,,16,D,,,,
June,16,D,,44,D,,,,
June,16,D,,47,D,,,,
June,16,D,,63,D,,,,
June,16,D,,69,D,,,,
June,16,D,,71,D,,,,
June,16,D,,76,D,,,,
June,16,D,,80,D,,,,
June,16,D,,84,D,,,,
June,16,D,,88,D,,,,
June,16,D,,89,D,,,,
June,16,D,F,,N,,,,
June,16,D,F,,O,,,,
June,16,D,F,,D,,,,
June,17,F,M,,F,,,1,
June,17,F,,7,O,,,,number dropped off when relocating
June,17,F,,23,F,,,,
June,17,F,,41,F,1,,,
June,17,F,,43,N,,,,
June,17,F,M,,F,,,,
June,18,F,,23,F,,,,
June,18,F,M,,F,,,,
June,18,F,F,,,,1,,
June,9,G,F,,,,1,1,
June,9,G,F,,,,1,1,
June,9,G,F,,,,1,1,
June,9,H,,1,H,,,,
June,9,H,,2,H,,,,
June,9,H,,3,H,,,,
June,9,H,,4,H,,,,
June,9,H,,5,H,,,,
June,9,H,,6,H,,,,
June,9,H,,7,H,,,,
June,9,H,,8,O,,,,
June,9,H,,9,H,,,,
June,9,H,,10,H,,,,
June,9,H,,12,H,,,,
June,9,H,,14,H,,,,
June,9,H,,16,H,,,,
June,9,H,,17,H,,,,
June,9,H,,18,N,,,,
June,9,H,,21,H,,,,
June,9,H,,22,H,,,,
June,9,H,,23,H,,,,
June,9,H,,25,H,,,,
June,9,H,,27,H,,,,
June,9,H,,28,H,,,,
June,9,H,,30,H,,,,
June,9,H,,31,H,,,,
June,9,H,,33,H,,,,
June,9,H,,34,H,,,,
June,9,H,,35,H,,,,
June,9,H,,36,H,,,,
June,9,H,,37,H,,,,
June,9,H,,38,H,,,,
June,9,H,,39,H,,,,
June,9,H,,40,N,,,,
June,9,H,,41,H,,,,
June,9,H,,42,H,,,,
June,9,H,,43,H,,,,
June,9,H,,45,H,,,,
June,9,H,,60,H,,,,
June,9,H,,68,H,,,,
June,9,H,,78,H,,,,
June,9,H,,79,H,,,,
June,9,H,,80,H,,,,
June,9,H,,81,H,,,,
June,9,H,,82,H,,,,
June,9,H,,83,H,,,,
June,9,H,,84,H,,,,
June,9,H,,88,H,,,,
June,9,H,,90,H,,,,
June,9,H,,91,H,,,,
June,9,H,U,,H,,,,
June,9,H,U,,H,,,,
June,9,H,U,,H,,,,
June,10,G,,,,,,,
June,10,G,M,,,,1,1,
June,10,G,F,,,,1,1,
June,10,G,M,,,,1,1,
June,10,G,,7,G,,,,
June,10,G,,8,N,,,,
June,10,G,,14,G,,,,
June,10,G,,20,G,,,,
June,10,G,,23,O,,,,
June,10,G,,25,G,,,,
June,10,G,,27,G,,,,
June,10,G,,29,G,1,,,
June,10,G,,32,G,,,,
June,10,G,,65,G,,,,
June,10,G,,66,G,,,,
June,10,G,,68,G,,,,
June,10,G,,72,G,,,,
June,10,G,,76,G,,,,
June,10,G,,77,G,,,,
June,10,G,,85,G,,,,
June,10,G,,86,N,,,,
June,10,G,,87,G,,,,
June,10,G,,88,G,,,,
June,10,G,,89,G,,,,
June,10,G,,90,G,,,,
June,10,G,,91,G,,,,
June,10,G,F,,G,,,,
June,10,G,F,,G,,,,
June,10,G,M,,O,,,,
June,10,G,M,,O,,,,
June,10,G,M,,O,,,,
June,10,G,M,,O,,,,
June,10,G,M,,O,,,,
June,10,G,M,,G,,,,
June,11,G,M,,N,,,1,
June,11,G,M,,O,,,1,
June,11,G,M,,G,,1,1,
June,11,G,M,,G,,1,1,
June,11,G,F,,G,,1,1,
June,11,G,,29,G,1,,1,
June,11,G,M,,G,,,1,
June,11,G,M,,,,1,1,
June,11,G,M,,,,1,1,
June,11,G,M,,,,1,1,
June,11,G,,7,G,,,,
June,11,G,,8,N,,,,
June,11,G,,14,G,,,,
June,11,G,,20,G,,,,
June,11,G,,23,N,,,,
June,11,G,,25,G,,,,
June,11,G,,32,N,,,,
June,11,G,,62,G,,,,
June,11,G,,65,O,,,,
June,11,G,,66,G,,,,
June,11,G,,68,G,,,,
June,11,G,,75,G,,,,
June,11,G,,76,G,,,,
June,11,G,,77,G,,,,
June,11,G,,80,G,,,,
June,11,G,,86,G,,,,
June,11,G,,87,G,,,,
June,11,G,,88,G,,,,
June,11,G,U,,G,,,,
June,11,G,U,,G,,,,
June,11,G,U,,G,,,,
June,11,G,U,,G,,,,
June,11,G,U,,G,,,,
June,11,G,U,,G,,,,
June,11,G,M,,G,,,,dead
June,12,G,,7,N,,,,
June,12,G,,8,G,,,,
June,12,G,,14,G,,,,
June,12,G,,20,G,,,,
June,12,G,,23,N,,,,
June,12,G,,32,N,,,,
June,12,G,,65,G,,,,
June,12,G,,66,G,,,,
June,12,G,,68,G,,,,
June,12,G,,75,G,,,,
June,12,G,,77,G,,,,
June,12,G,,87,G,,,,
June,12,G,,88,G,,,,
June,12,F,,42,O,,,,
June,13,G,,,,,,,
June,13,G,,7,G,,,,
June,13,G,,8,G,,,,
June,13,G,,14,G,,,,
June,13,G,,22,G,,,,
June,13,G,,23,G,,,,
June,13,G,,25,G,,,,
June,13,G,,29,G,1,,,
June,13,G,,32,G,,,,
June,13,G,,65,G,,,,
June,13,G,,66,G,,,,
June,13,G,,68,G,,,,
June,13,G,,75,G,,,,
June,13,G,,77,G,,,,
June,13,G,,80,G,,,,
June,13,G,,85,G,1,,,
June,13,G,,86,G,,,,
June,13,G,,87,G,,,,
June,13,G,,88,G,,,,
June,13,G,M,,G,,,,
June,13,G,M,,G,,,,
June,14,G,,7,G,,,,
June,14,G,,8,N,,,,
June,14,G,,14,G,,,,
June,14,G,,20,G,,,,
June,14,G,,22,G,,,,
June,14,G,,23,G,,,,
June,14,G,,25,N,,,,
June,14,G,,32,G,,,,
June,14,G,,65,G,,,,
June,14,G,,66,G,,,,
June,14,G,,68,G,,,,
June,14,G,,75,G,,,,
June,14,G,,77,G,,,,
June,14,G,,80,G,,,,
June,14,G,,85,G,,,,
June,14,G,,86,G,,,,
June,14,G,,87,G,,,,
June,14,G,M,,G,,,,
June,14,G,M,,G,,,,
June,14,G,M,,G,,,,
June,15,G,F,,,,1,1,
June,15,G,,7,G,,,,
June,15,G,,14,G,,,,
June,15,G,,20,G,,,,
June,15,G,,22,O,,,,
June,15,G,,32,G,,,,
June,15,G,,65,N,,,,
June,15,G,,66,G,,,,
June,15,G,,68,N,,,,
June,15,G,,75,N,,,,
June,15,G,,77,O,,,,
June,15,G,,80,G,,,,
June,15,G,,85,O,,,,
June,15,G,,86,N,,,,
June,15,G,,87,N,,,,
June,15,G,M,,N,,,,
June,15,G,M,,N,,,,
June,16,G,,7,G,,,,
June,16,G,,14,G,,,,
June,16,G,,29,G,1,,,
June,16,G,,32,G,,,,
June,16,G,,65,G,,,,
June,16,G,,66,G,,,,
June,16,G,,68,G,,,,
June,16,G,,75,G,,,,
June,16,G,,77,G,,,,
June,16,G,,80,G,,,,
June,16,G,,86,G,,,,
June,16,G,M,,G,,,,
June,16,G,M,,G,,,,
June,16,G,M,,G,,,,
June,17,G,,7,G,,,,
June,17,G,,14,G,,,,
June,17,G,,32,G,,,,
June,17,G,,65,G,,,,
June,17,G,,66,G,,,,
June,17,G,,68,G,,,,
June,17,G,,75,G,,,,
June,17,G,,80,G,,,,
June,17,G,,88,G,,,,
June,17,G,M,,G,,,,
June,17,G,M,,G,,,,
June,18,G,M,,N,,,1,
June,18,G,M,,G,,,1,
June,18,G,M,,G,,1,1,
June,18,G,,7,G,,,,
June,18,G,,14,G,,,,
June,18,G,,29,G,,,,
June,18,G,,32,N,,,,
June,18,G,,78,G,,,,
June,18,G,,80,G,,,,
June,18,G,F,,N,,,,
June,18,G,F,,N,,,,
June,18,G,M,,G,,,,
June,18,G,F,,G,,,,
June,9,H,F,,H,,1,1,
June,9,H,F,,H,,1,1,
June,9,H,F,,H,,1,1,
June,9,H,F,,H,,1,1,
June,9,H,M,,H,,1,1,
June,9,G,,1,G,,,,
June,9,G,,2,G,,,,
June,9,G,,3,G,,,,
June,9,G,,4,G,,,,
June,9,G,,7,G,,,,
June,9,G,,8,G,,,,
June,9,G,,10,G,,,,
June,9,G,,11,G,,,,
June,9,G,,12,G,,,,
June,9,G,,14,G,,,,
June,9,G,,15,G,,,,
June,9,G,,19,G,,,,
June,9,G,,20,G,,,,
June,9,G,,21,G,,,,
June,9,G,,24,G,,,,
June,9,G,,25,G,,,,
June,9,G,,27,G,,,,
June,9,G,,28,G,,,,
June,9,G,,31,G,,,,
June,9,G,,32,G,,,,
June,9,G,,33,G,,,,
June,9,G,,63,G,,,,
June,9,G,,64,G,,,,
June,9,G,,65,G,,,,
June,9,G,,66,G,,,,
June,9,G,,67,G,,,,
June,9,G,,69,G,,,,
June,9,G,,70,G,,,,
June,9,G,,71,G,,,,
June,9,G,,72,G,,,,
June,9,G,,73,G,,,,
June,9,G,,75,G,,,,
June,9,G,,76,N,,,,
June,9,G,,77,G,,,,
June,9,G,,78,G,,,,
June,9,G,,80,G,,,,
June,9,G,,81,G,,,,
June,9,G,,82,G,,,,
June,9,G,,83,G,,,,
June,9,G,,84,G,,,,
June,9,G,,85,G,,,,
June,9,G,,86,G,,,,
June,9,G,,87,G,,,,
June,9,G,,88,G,,,,
June,9,G,,89,G,,,,
June,9,G,,90,G,,,,
June,9,G,,91,G,,,,
June,9,G,U,,G,,,,
June,10,H,,,,,,,
June,10,H,,2,H,,,,
June,10,H,,4,H,,,,
June,10,H,,6,H,,,,
June,10,H,,7,H,,,,
June,10,H,,9,H,,,,
June,10,H,,11,O,,,,
June,10,H,,12,H,,,,
June,10,H,,13,H,,,,
June,10,H,,14,H,,,,
June,10,H,,18,N,,,,
June,10,H,,21,H,,,,
June,10,H,,22,H,,,,
June,10,H,,23,H,,,,
June,10,H,,24,H,,,,
June,10,H,,27,H,,,,
June,10,H,,28,H,,,,
June,10,H,,30,O,,,,
June,10,H,,31,H,,,,
June,10,H,,34,H,,,,
June,10,H,,37,H,,,,
June,10,H,,39,H,,,,
June,10,H,,40,O,,,,
June,10,H,,41,N,,,,
June,10,H,,42,N,,,,
June,10,H,,43,H,,,,
June,10,H,,44,H,,,,
June,10,H,,77,H,,,,
June,10,H,,79,H,,,,
June,10,H,,81,H,,,,
June,10,H,,82,N,,,,
June,10,H,,83,N,,,,
June,10,H,,85,H,,,,
June,10,H,,86,H,,,,
June,10,H,,88,H,,,,
June,10,H,,90,H,,,,
June,10,H,M,,H,,1,,
June,10,H,M,,O,,,,
June,10,H,M,,O,,,,
June,10,H,M,,H,,,,
June,10,H,F,,H,,,,
June,10,H,M,,H,,1,,
June,11,H,,1,H,,,,
June,11,H,,2,H,,,,
June,11,H,,4,N,,,,
June,11,H,,6,H,,,,
June,11,H,,12,H,,,,
June,11,H,,21,N,,,,
June,11,H,,25,H,,,,
June,11,H,,27,H,,,,
June,11,H,,28,H,,,,
June,11,H,,30,H,,,,
June,11,H,,31,N,,,,
June,11,H,,34,H,,,,
June,11,H,,35,H,,,,
June,11,H,,40,H,,,,
June,11,H,,44,H,,,,
June,11,H,,79,H,,,,
June,11,H,,82,H,,,,
June,11,H,,83,O,,,,
June,11,H,,85,H,,,,
June,11,H,,86,H,,,,
June,11,H,,88,H,,,,
June,11,H,U,,H,,,,
June,11,H,U,,H,,,,
June,11,H,U,,H,,,,
June,11,H,U,,H,,,,
June,11,H,U,,H,,,,
June,11,H,U,,H,,,,dead
June,12,H,,,,,,,
June,12,H,,2,H,,,,
June,12,H,,4,N,,,,
June,12,H,,6,N,,,,
June,12,H,,7,N,,,,
June,12,H,,12,H,,,,
June,12,H,,15,H,,,,
June,12,H,,23,H,,,,
June,12,H,,28,H,,,,
June,12,H,,31,H,,,,
June,12,H,,34,H,,,,
June,12,H,,35,H,,,,
June,12,H,,40,H,,,,
June,12,H,,42,N,,,,
June,12,H,,44,H,,,,
June,12,H,,80,H,,,,
June,12,H,,81,H,,,,
June,12,H,,82,H,,,,
June,12,H,,83,H,,,,
June,12,H,,86,N,,,,
June,12,H,,88,H,,,,
June,12,H,U,,O,,,,
June,12,H,U,,N,,,,
June,12,H,U,,H,,,,
June,12,H,U,,H,,,,
June,13,H,,2,H,,,,
June,13,H,,4,H,,,,
June,13,H,,6,H,,,,
June,13,H,,12,H,,,,
June,13,H,,15,H,,,,
June,13,H,,23,H,,,,
June,13,H,,25,H,,,,
June,13,H,,27,H,,,,
June,13,H,,28,H,,,,
June,13,H,,31,H,,,,
June,13,H,,34,H,,,,
June,13,H,,35,H,,,,
June,13,H,,40,H,,,,
June,13,H,,80,H,,,,"dead, attacked by spider"
June,13,H,,81,H,,,,
June,13,H,,82,H,,,,
June,13,H,,83,H,,,,
June,13,H,,88,H,,,,
June,13,H,F,,H,,,,
June,13,H,F,,H,,,,
June,13,H,F,,H,,,,
June,13,H,M,,H,,,,
June,13,H,M,,H,,,,
June,13,H,M,,,,1,,
June,14,H,,1,O,,,,
June,14,H,,2,H,,,,
June,14,H,,4,H,,,,
June,14,H,,12,H,,,,
June,14,H,,15,H,,,,
June,14,H,,22,H,,,,
June,14,H,,23,H,,,,
June,14,H,,24,H,,,,
June,14,H,,25,H,,,,
June,14,H,,27,H,,,,
June,14,H,,28,H,,,,
June,14,H,,31,H,,,,
June,14,H,,34,H,,,,
June,14,H,,42,H,,,,
June,14,H,,44,O,,,,
June,14,H,,81,H,,,,
June,14,H,,82,H,,,,
June,14,H,,83,H,,,,
June,14,H,,86,H,,,,
June,14,H,,88,H,,,,
June,14,H,F,,H,,,,
June,14,H,M,,H,,,,
June,14,H,M,,H,,,,
June,14,H,M,,H,,,,
June,14,H,M,,H,,,,
June,14,H,M,,H,,,,
June,15,H,M,,,,1,1,
June,15,H,F,,,,1,1,
June,15,H,,1,N,,,,
June,15,H,,2,N,,,,
June,15,H,,4,N,,,,
June,15,H,,6,N,,,,
June,15,H,,12,H,,,,
June,15,H,,21,N,,,,
June,15,H,,22,N,,,,
June,15,H,,25,H,,,,
June,15,H,,27,N,,,,
June,15,H,,28,H,,,,
June,15,H,,31,N,,,,
June,15,H,,34,N,,,,
June,15,H,,35,N,,,,
June,15,H,,40,H,,,,
June,15,H,,42,N,,,,
June,15,H,,44,N,,,,
June,15,H,,81,N,,,,
June,15,H,,82,H,,,,
June,15,H,,83,N,,,,
June,15,H,,86,N,,,,
June,15,H,,88,N,,,,
June,15,H,M,,H,,,,
June,15,H,F,,H,,,,
June,15,H,M,,H,,,,
June,15,H,M,,H,,,,
June,15,H,M,,H,,,,
June,16,H,,1,H,,,,
June,16,H,,2,H,,,,
June,16,H,,4,N,,,,
June,16,H,,6,O,,,,
June,16,H,,22,H,,,,
June,16,H,,25,H,,,,
June,16,H,,27,H,,,,
June,16,H,,28,H,,,,
June,16,H,,31,O,,,,
June,16,H,,34,H,,,,
June,16,H,,40,H,,,,
June,16,H,,83,H,,,,
June,16,H,,86,H,,,,
June,16,H,M,,H,,,,
June,16,H,M,,H,,,,
June,16,H,M,,H,,,,
June,16,H,M,,H,,,,
June,16,H,M,,O,,,,
June,16,H,F,,H,,,,
June,17,H,,1,N,,,,
June,17,H,,4,O,,,,
June,17,H,,27,N,1,,,
June,17,H,,29,O,1,,,
June,17,H,,34,N,,,,
June,17,H,,42,H,,,,
June,17,H,,82,N,,,,
June,17,H,,86,H,,,,
June,17,H,M,,H,,,,
June,17,H,M,,H,,,,
June,17,H,M,,H,,,,
June,17,H,F,,H,,,,
June,17,H,F,,H,,,,
June,17,H,U,,,,1,,
June,17,H,U,,,,1,,
June,17,H,M,,,,,,
June,17,H,M,,O,,,,
June,17,H,M,,O,,,,
June,18,H,,1,N,,,,
June,18,H,,4,N,,,,
June,18,H,,6,N,,,,
June,18,H,,34,N,,,,
June,18,H,,40,N,,,,
June,18,H,,25,H,,,,
June,18,H,,82,N,,,,
June,18,H,,83,N,,,,
June,18,H,,86,N,,,,
June,18,H,M,,N,,,,
June,18,H,M,,N,,,,
June,18,H,M,,N,,,,
June,18,H,M,,N,,,,
June,18,H,M,,N,,,,
June,18,H,M,,H,,,,
June,9,I,F,83,,1,,1,
June,9,I,F,,,,1,1,
June,9,I,F,,,,1,1,
June,9,I,M,,,,1,1,
June,9,I,F,1,O,,,,
June,9,I,F,2,I,,,,
June,9,I,F,3,I,,,,
June,9,I,F,5,I,,,,
June,9,I,F,6,I,,,,
June,9,I,F,7,N,,,,
June,9,I,F,8,I,,,,
June,9,I,F,9,I,,,,
June,9,I,F,11,I,,,,
June,9,I,F,12,I,,,,
June,9,I,F,13,I,,,,
June,9,I,F,14,I,,,,
June,9,I,F,15,I,,,,
June,9,I,F,29,I,,,,
June,9,I,F,48,I,,,,
June,9,I,F,50,I,,,,
June,9,I,F,49,I,,,,
June,9,I,F,52,I,,,,
June,9,I,F,53,I,,,,
June,9,I,F,54,I,,,,
June,9,I,F,55,I,,,,
June,9,I,F,56,I,,,,
June,9,I,F,57,I,,,,
June,9,I,F,58,I,,,,
June,9,I,F,61,I,,,,
June,9,I,F,62,I,,,,
June,9,I,F,64,I,,,,
June,9,I,F,65,I,,,,
June,9,I,F,67,I,,,,
June,9,I,F,68,I,,,,
June,9,I,F,70,I,,,,
June,9,I,F,71,I,,,,
June,9,I,F,72,I,,,,
June,9,I,F,73,I,,,,
June,9,I,F,74,I,,,,
June,9,I,F,75,I,,,,
June,9,I,F,76,I,,,,
June,9,I,F,77,I,,,,
June,9,I,F,78,I,,,,
June,9,I,F,80,I,,,,
June,9,I,F,81,I,,,,
June,9,I,F,82,I,,,,
June,9,I,F,83,I,,,,
June,9,I,F,84,I,,,,
June,9,I,F,85,I,,,,
June,9,I,F,87,I,,,,
June,9,I,F,88,I,,,,
June,9,I,F,89,I,,,,
June,9,I,F,90,I,,,,
June,9,I,F,91,I,,,,
June,10,I,U,,I,,,1,
June,10,I,U,,I,,,1,
June,10,I,U,,I,,,1,
June,10,I,M,,I,,1,1,
June,10,I,M,,I,,1,1,
June,10,I,F,,I,,1,1,
June,10,I,F,,I,,1,1,
June,10,I,,1,N,,,,
June,10,I,,3,I,,,,
June,10,I,,5,I,,,,
June,10,I,,7,I,,,,
June,10,I,,8,N,,,,
June,10,I,,9,I,,,,
June,10,I,,10,I,,,,
June,10,I,,11,I,,,,
June,10,I,,47,I,,,,
June,10,I,,48,N,,,,
June,10,I,,50,I,,,,
June,10,I,,51,I,,,,
June,10,I,,52,I,,,,
June,10,I,,53,I,,,,
June,10,I,,54,I,,,,
June,10,I,,55,I,,,,
June,10,I,,56,N,,,,
June,10,I,,57,I,,,,
June,10,I,,58,N,,,,
June,10,I,,59,I,,,,
June,10,I,,60,N,,,,
June,10,I,,62,I,,,,
June,10,I,,63,I,,,,
June,10,I,,65,I,,,,
June,10,I,,66,I,,,,
June,10,I,,67,I,,,,
June,10,I,,69,I,,,,
June,10,I,,70,I,,,,
June,10,I,,71,I,,,,
June,10,I,,72,N,,,,
June,10,I,,73,I,,,,
June,10,I,,74,I,,,,
June,10,I,,75,I,,,,
June,10,I,,76,I,,,,
June,10,I,,77,I,,,,
June,10,I,,78,I,,,,
June,10,I,,81,I,,,,
June,10,I,,82,I,,,,
June,10,I,,85,N,,,,
June,10,I,,86,I,,,,
June,10,I,,87,I,,,,
June,10,I,,88,I,,,,
June,10,I,,89,I,,,,
June,10,I,,91,N,,,,
June,10,I,F,,N,,,,
June,10,I,F,,N,,,,
June,10,I,F,,I,,,,
June,10,I,M,,I,,,,
June,11,I,F,43,I,1,,1,
June,11,I,F,,O,,,1,
June,11,I,,1,I,,,,
June,11,I,,2,I,1,,,
June,11,I,,7,I,,,,
June,11,I,,8,I,,,,
June,11,I,,10,I,,,,
June,11,I,,11,I,,,,
June,11,I,,15,I,,,,
June,11,I,,18,I,,,,
June,11,I,,47,I,,,,
June,11,I,,50,I,,,,
June,11,I,,51,N,,,,
June,11,I,,53,I,,,,
June,11,I,,54,I,,,,
June,11,I,,57,I,,,,
June,11,I,,59,I,,,,
June,11,I,,63,N,,,,
June,11,I,,65,I,,,,
June,11,I,,67,I,,,,
June,11,I,,68,N,,,,
June,11,I,,72,I,,,,
June,11,I,,73,I,,,,
June,11,I,,74,I,,,,
June,11,I,,75,I,,,,
June,11,I,,76,I,,,,
June,11,I,,78,I,,,,
June,11,I,,84,I,,,,
June,11,I,,85,I,,,,
June,11,I,,86,I,,,,
June,11,I,,88,I,,,,
June,11,I,,91,I,,,,
June,11,I,U,,I,,,,
June,11,I,U,,I,,,,
June,11,I,U,,I,,,,
June,11,I,U,,I,,,,
June,11,I,U,,I,,,,
June,12,I,,1,I,,,,
June,12,I,,2,I,,,,
June,12,I,,3,I,,,,
June,12,I,,5,I,,,,
June,12,I,,7,I,,,,
June,12,I,,8,I,,,,
June,12,I,,9,I,,,,
June,12,I,,15,I,,,,
June,12,I,,50,I,,,,
June,12,I,,52,I,,,,
June,12,I,,53,N,,,,
June,12,I,,54,N,,,,
June,12,I,,55,I,,,,
June,12,I,,59,I,,,,
June,12,I,,60,I,,,,
June,12,I,,62,I,,,,
June,12,I,,63,N,,,,
June,12,I,,65,I,,,,
June,12,I,,66,I,,,,
June,12,I,,67,I,,,,
June,12,I,,68,N,,,,
June,12,I,,70,I,,,,
June,12,I,,72,I,,,,
June,12,I,,73,I,,,,
June,12,I,,74,N,,,,
June,12,I,,76,I,,,,
June,12,I,,77,I,,,,
June,12,I,,81,I,,,,
June,12,I,,82,N,,,,
June,12,I,,84,I,,,,
June,12,I,,85,I,,,,
June,12,I,,86,I,,,,
June,12,I,,90,I,,,,
June,12,I,,91,I,,,,
June,12,I,F,,I,,,,
June,12,I,F,,I,,,,
June,12,I,F,,I,,,,
June,12,I,F,,I,,,,
June,12,I,M,,I,,,,
June,12,I,M,,I,,,,
June,12,I,M,,I,,,,
June,12,I,M,,I,,,,
June,12,I,U,,I,,,,
June,12,I,U,,I,,,,
June,13,I,,1,I,,,,
June,13,I,,3,I,,,,
June,13,I,,5,I,,,,
June,13,I,,7,I,,,,
June,13,I,,10,I,,,,
June,13,I,,15,I,,,,
June,13,I,,47,I,,,,
June,13,I,,48,N,,,,
June,13,I,,50,I,,,,
June,13,I,,52,I,,,,
June,13,I,,53,I,,,,
June,13,I,,54,I,,,,
June,13,I,,55,I,,,,
June,13,I,,57,I,,,,
June,13,I,,62,I,,,,
June,13,I,,63,I,,,,
June,13,I,,66,I,,,,
June,13,I,,67,N,,,,
June,13,I,,68,I,,,,
June,13,I,,70,I,,,,
June,13,I,,72,I,,,,
June,13,I,,73,I,,,,
June,13,I,,74,I,,,,
June,13,I,,75,I,,,,
June,13,I,,76,I,,,,
June,13,I,,78,I,,,,
June,13,I,,81,I,,,,
June,13,I,,82,I,,,,
June,13,I,,85,I,,,,
June,13,I,,86,N,,,,
June,13,I,,90,I,,,,
June,13,I,F,,I,,,,
June,13,I,F,,I,,,,
June,13,I,F,,I,,,,
June,13,I,F,,I,,,,
June,13,I,M,,N,,,,
June,13,I,M,,N,,,,
June,13,I,M,,N,,,,
June,13,I,M,,I,,,,
June,14,I,M,,,,1,,
June,14,I,M,,,,1,,
June,14,I,,1,I,,,,
June,14,I,,7,I,,,,
June,14,I,,8,I,,,,
June,14,I,,9,I,,,,
June,14,I,,10,I,,,,
June,14,I,,47,I,,,,
June,14,I,,48,I,,,,
June,14,I,,50,N,,,,
June,14,I,,54,I,,,,
June,14,I,,55,I,,,,
June,14,I,,57,I,,,,
June,14,I,,59,I,,,,
June,14,I,,60,I,,,,
June,14,I,,62,O,,,,
June,14,I,,63,I,,,,
June,14,I,,65,I,,,,
June,14,I,,66,I,,,,
June,14,I,,68,I,,,,
June,14,I,,74,I,,,,
June,14,I,,76,I,,,,
June,14,I,,77,I,,,,
June,14,I,,78,I,,,,
June,14,I,,81,I,,,,
June,14,I,,84,N,,,,
June,14,I,,86,I,,,,
June,14,I,,90,I,,,,
June,14,I,,91,I,,,,
June,14,I,F,,I,,,,
June,14,I,U,,I,,,,
June,14,I,U,,I,,,,
June,14,I,U,,I,,,,
June,14,I,U,,I,,,,
June,14,I,U,,I,,,,
June,15,I,,9,N,,,,
June,15,I,,10,I,,,,
June,15,I,,26,I,,,,
June,15,I,,29,I,,,,
June,15,I,,47,I,,,,
June,15,I,,48,I,,,,
June,15,I,,50,N,,,,
June,15,I,,52,N,,,,
June,15,I,,55,N,,,,
June,15,I,,56,N,,,,
June,15,I,,57,I,,,,
June,15,I,,59,O,,,,
June,15,I,,60,N,,,,
June,15,I,,62,I,,,,
June,15,I,,63,I,,,,
June,15,I,,65,N,,,,
June,15,I,,70,I,,,,
June,15,I,,74,I,,,,
June,15,I,,76,I,,,,
June,15,I,,77,N,,,,
June,15,I,,78,I,,,,
June,15,I,,81,N,,,,
June,15,I,,82,I,,,,
June,15,I,,84,N,,,,
June,15,I,,86,I,,,,
June,15,I,,90,I,,,,
June,15,I,M,,I,,,,
June,15,I,F,,I,,,,
June,15,I,F,,N,,,,
June,15,I,F,,N,,,,
June,15,I,F,,I,,,,
June,15,I,M,,I,,,,
June,16,I,,47,I,,,,
June,16,I,,48,N,,,,
June,16,I,,55,N,,,,
June,16,I,,60,I,,,,
June,16,I,,63,N,,,,
June,16,I,,65,I,,,,
June,16,I,,66,I,,,,
June,16,I,,70,I,,,,
June,16,I,,76,N,,,,
June,16,I,,78,N,,,,
June,16,I,,82,I ,,,,
June,16,I,,84,N,,,,
June,16,I,,86,I ,,,,
June,16,I,F,,I ,,,,
June,16,I,F,,I,,,,
June,16,I,F,,I ,,,,
June,16,I,F,,I,,,,
June,16,I,F,,I,,,,
June,16,I,M,,I,,,,
June,16,I,M,,I,,,,
June,16,I,M,,I,,,,
June,16,I,F,,,,1,,
June,17,I,,47,I,,,,
June,17,I,,54,I,1,,,
June,17,I,,55,I,,,,
June,17,I,,65,N,,,,
June,17,I,,66,I,,,,
June,17,I,,70,I,,,,
June,17,I,,77,I,,,,
June,17,I,,78,I,,,,
June,17,I,,84,I,,,,
June,17,I,,86,I,,,,
June,17,I,M,,I,,,,
June,17,I,F,,I,,,,
June,17,I,F,,I,,,,
June,17,I,F,,I,,,,
June,17,I,F,,I,,,,
June,17,I,F,,I,,,,
June,17,I,F,,O,,,,
June,18,I,,47,I,,,,
June,18,I,,48,I,,,,
June,18,I,,55,I,,,,
June,18,I,,60,N,,,,
June,18,I,,65,I,,,,
June,18,I,,70,I,,,,
June,18,I,,77,N,,,,
June,18,I,,84,I,,,,
June,18,I,,86,I,,,,
June,18,I,M,,N,,,,
June,18,I,M,,I,,,,
June,18,I,F,,N,,,,
June,18,I,F,,I,,,,
June,18,I,F,,I,,,,